trip_id,vendor_id,pickup_datetime,dropoff_datetime,passenger_count,trip_distance,fare_amount,total_amount,payment_type
trip_1,V2,2024-01-01T13:20:00.000Z,2024-01-01T13:35:00.000Z,4,9.06,20.73,26.65,CASH
trip_2,V1,2024-01-01T11:39:00.000Z,2024-01-01T12:11:00.000Z,4,12.99,30.29,36.07,CARD
trip_3,V1,2024-01-01T16:39:00.000Z,2024-01-01T17:04:00.000Z,2,4.92,13.67,17.17,CASH
trip_4,V1,2024-01-01T15:57:00.000Z,2024-01-01T16:22:00.000Z,3,8.0,19.78,20.78,CASH
trip_5,V1,2024-01-01T17:18:00.000Z,2024-01-01T17:54:00.000Z,3,2.75,9.95,10.99,CASH
trip_6,V2,2024-01-01T09:18:00.000Z,2024-01-01T09:25:00.000Z,2,13.14,31.76,39.11,CASH
trip_7,V1,2024-01-01T16:19:00.000Z,2024-01-01T16:31:00.000Z,4,2.94,8.26,10.34,CASH
trip_8,V2,2024-01-01T08:18:00.000Z,2024-01-01T08:26:00.000Z,1,11.28,27.34,29.09,CARD
trip_9,V1,2024-01-01T10:32:00.000Z,2024-01-01T11:10:00.000Z,2,9.98,23.08,23.55,CASH
trip_10,V2,2024-01-01T12:37:00.000Z,2024-01-01T12:47:00.000Z,1,13.08,28.65,30.82,CARD
trip_11,V1,2024-01-01T09:22:00.000Z,2024-01-01T10:01:00.000Z,1,2.66,9.46,12.04,CARD
trip_12,V2,2024-01-01T12:44:00.000Z,2024-01-01T13:15:00.000Z,3,12.08,28.81,29.37,CASH
trip_13,V1,2024-01-01T11:26:00.000Z,2024-01-01T11:34:00.000Z,4,8.21,22.4,22.52,CASH
trip_14,V2,2024-01-01T09:00:00.000Z,2024-01-01T09:05:00.000Z,1,8.03,20.24,25.5,CASH
trip_15,V2,2024-01-01T10:49:00.000Z,2024-01-01T10:57:00.000Z,3,0.11,2.69,3.28,CASH
trip_16,V1,2024-01-01T17:51:00.000Z,2024-01-01T18:02:00.000Z,3,13.51,31.17,36.45,CARD
trip_17,V2,2024-01-01T15:39:00.000Z,2024-01-01T15:50:00.000Z,3,10.49,25.23,27.39,CARD
trip_18,V1,2024-01-01T13:19:00.000Z,2024-01-01T13:33:00.000Z,3,12.37,30.09,35.12,CARD
trip_19,V2,2024-01-01T09:41:00.000Z,2024-01-01T09:57:00.000Z,3,10.71,27.07,27.78,CARD
trip_20,V1,2024-01-01T08:13:00.000Z,2024-01-01T08:30:00.000Z,1,2.88,8.3,8.99,CARD
trip_21,V2,2024-01-01T14:49:00.000Z,2024-01-01T15:04:00.000Z,1,5.64,17.09,21.81,CASH
trip_22,V1,2024-01-01T11:35:00.000Z,2024-01-01T11:41:00.000Z,4,9.73,23.13,25.66,CARD
trip_23,V2,2024-01-01T10:47:00.000Z,2024-01-01T11:01:00.000Z,2,13.28,28.96,33.01,CASH
trip_24,V2,2024-01-01T10:06:00.000Z,2024-01-01T10:34:00.000Z,1,13.55,29.55,32.69,CASH
trip_25,V1,2024-01-01T13:36:00.000Z,2024-01-01T14:16:00.000Z,3,2.91,11.21,12.91,CARD
trip_26,V1,2024-01-01T13:11:00.000Z,2024-01-01T13:17:00.000Z,3,8.35,22.49,27.35,CASH
trip_27,V2,2024-01-01T15:21:00.000Z,2024-01-01T15:27:00.000Z,4,-0.73,0.85,1.0,CASH
trip_28,V1,2024-01-01T16:20:00.000Z,2024-01-01T16:33:00.000Z,2,13.28,32.05,32.92,CASH
trip_29,V1,2024-01-01T12:17:00.000Z,2024-01-01T12:30:00.000Z,1,13.38,31.5,39.12,CASH
trip_30,V1,2024-01-01T12:25:00.000Z,2024-01-01T12:44:00.000Z,2,5.25,12.91,15.32,CASH
trip_31,V2,2024-01-01T16:39:00.000Z,2024-01-01T16:49:00.000Z,4,10.22,25.47,28.43,CARD
trip_32,V2,2024-01-01T09:51:00.000Z,2024-01-01T10:15:00.000Z,1,7.85,18.03,19.1,CARD
trip_33,V1,2024-01-01T11:36:00.000Z,2024-01-01T11:47:00.000Z,1,12.85,27.91,28.39,CARD
trip_34,V1,2024-01-01T08:23:00.000Z,2024-01-01T08:49:00.000Z,1,1.5,7.08,7.09,CARD
trip_35,V1,2024-01-01T10:25:00.000Z,2024-01-01T10:44:00.000Z,2,13.91,33.72,36.19,CASH
trip_36,V2,2024-01-01T10:26:00.000Z,2024-01-01T10:39:00.000Z,4,7.14,19.73,24.59,CARD
trip_37,V2,2024-01-01T14:50:00.000Z,2024-01-01T14:58:00.000Z,4,10.88,27.39,34.05,CASH
trip_38,V2,2024-01-01T10:33:00.000Z,2024-01-01T10:46:00.000Z,2,0.96,4.05,4.61,CASH
trip_39,V2,2024-01-01T11:45:00.000Z,2024-01-01T12:16:00.000Z,3,3.61,10.42,13.36,CARD
trip_40,V1,2024-01-01T10:29:00.000Z,2024-01-01T11:02:00.000Z,3,0.73,7.17,7.22,CARD
trip_41,V1,2024-01-01T13:12:00.000Z,2024-01-01T13:47:00.000Z,1,5.04,12.88,16.19,CASH
trip_42,V2,2024-01-01T08:13:00.000Z,2024-01-01T08:42:00.000Z,2,9.25,20.86,26.37,CASH
trip_43,V2,2024-01-01T17:27:00.000Z,2024-01-01T18:07:00.000Z,1,3.04,10.0,11.59,CASH
trip_44,V1,2024-01-01T17:56:00.000Z,2024-01-01T18:26:00.000Z,2,11.83,29.56,30.11,CARD
trip_45,V1,2024-01-01T14:01:00.000Z,2024-01-01T14:14:00.000Z,2,0.79,6.04,7.7,CARD
trip_46,V2,2024-01-01T14:00:00.000Z,2024-01-01T14:14:00.000Z,3,9.89,24.57,28.77,CARD
trip_47,V1,2024-01-01T13:16:00.000Z,2024-01-01T13:25:00.000Z,2,3.61,10.88,13.15,CASH
trip_48,V2,2024-01-01T17:52:00.000Z,2024-01-01T18:15:00.000Z,1,13.67,32.47,34.05,CARD
trip_49,V1,2024-01-01T16:29:00.000Z,2024-01-01T16:56:00.000Z,1,6.88,18.99,22.63,CASH
trip_50,V1,2024-01-01T12:06:00.000Z,2024-01-01T12:17:00.000Z,4,11.72,25.88,32.04,CARD
trip_51,V2,2024-01-01T17:10:00.000Z,2024-01-01T17:29:00.000Z,1,12.37,29.04,32.42,CARD
trip_52,V2,2024-01-01T12:55:00.000Z,2024-01-01T13:17:00.000Z,3,9.41,22.4,23.17,CARD
trip_53,V1,2024-01-01T10:19:00.000Z,2024-01-01T10:28:00.000Z,1,5.34,13.99,14.96,CASH
trip_54,V1,2024-01-01T11:34:00.000Z,2024-01-01T11:52:00.000Z,1,4.51,11.58,14.8,CARD
trip_55,V1,2024-01-01T08:33:00.000Z,2024-01-01T08:39:00.000Z,2,14.49,34.84,40.69,CARD
trip_56,V1,2024-01-01T11:09:00.000Z,2024-01-01T11:33:00.000Z,4,0.56,3.13,3.79,CASH
trip_57,V2,2024-01-01T10:52:00.000Z,2024-01-01T10:58:00.000Z,1,4.43,14.41,15.13,CARD
trip_58,V1,2024-01-01T13:46:00.000Z,2024-01-01T14:10:00.000Z,2,14.82,31.85,33.11,CASH
trip_59,V1,2024-01-01T12:59:00.000Z,2024-01-01T13:05:00.000Z,3,13.72,29.91,33.35,CASH
trip_60,V1,2024-01-01T12:54:00.000Z,2024-01-01T13:31:00.000Z,4,13.76,30.82,35.33,CASH
trip_61,V1,2024-01-01T14:56:00.000Z,2024-01-01T15:23:00.000Z,2,10.31,25.54,31.77,CARD
trip_62,V1,2024-01-01T08:21:00.000Z,2024-01-01T08:44:00.000Z,4,1.95,6.83,8.61,CARD
trip_63,V2,2024-01-01T15:29:00.000Z,2024-01-01T15:58:00.000Z,4,5.95,16.51,20.71,CASH
trip_64,V2,2024-01-01T10:27:00.000Z,2024-01-01T10:39:00.000Z,4,6.4,17.9,20.79,CASH
trip_65,V1,2024-01-01T09:15:00.000Z,2024-01-01T09:54:00.000Z,2,1.51,6.1,7.12,CASH
trip_66,V2,2024-01-01T16:55:00.000Z,2024-01-01T17:01:00.000Z,4,-0.31,4.31,4.34,CARD
trip_67,V1,2024-01-01T13:58:00.000Z,2024-01-01T14:23:00.000Z,4,13.39,31.36,33.79,CASH
trip_68,V2,2024-01-01T15:43:00.000Z,2024-01-01T15:51:00.000Z,2,8.72,20.73,21.95,CARD
trip_69,V1,2024-01-01T14:43:00.000Z,2024-01-01T14:54:00.000Z,4,9.13,20.53,23.55,CASH
trip_70,V1,2024-01-01T16:11:00.000Z,2024-01-01T16:25:00.000Z,4,9.4,24.21,24.37,CARD
trip_71,V1,2024-01-01T08:24:00.000Z,2024-01-01T08:36:00.000Z,4,4.51,12.36,15.4,CARD
trip_72,V1,2024-01-01T16:03:00.000Z,2024-01-01T16:11:00.000Z,2,10.29,26.14,31.16,CARD
trip_73,V1,2024-01-01T16:45:00.000Z,2024-01-01T16:54:00.000Z,2,14.9,34.65,43.85,CASH
trip_74,V1,2024-01-01T12:57:00.000Z,2024-01-01T13:16:00.000Z,1,1.25,4.53,5.61,CARD
trip_75,V1,2024-01-01T08:23:00.000Z,2024-01-01T08:30:00.000Z,4,7.03,19.06,22.36,CASH
trip_76,V1,2024-01-01T10:39:00.000Z,2024-01-01T11:18:00.000Z,4,12.48,26.99,33.01,CASH
trip_77,V1,2024-01-01T11:38:00.000Z,2024-01-01T11:57:00.000Z,4,5.7,17.07,17.5,CARD
trip_78,V2,2024-01-01T16:43:00.000Z,2024-01-01T17:15:00.000Z,4,1.97,8.74,9.39,CARD
trip_79,V2,2024-01-01T12:20:00.000Z,2024-01-01T12:52:00.000Z,4,2.61,9.13,11.36,CARD
trip_80,V2,2024-01-01T10:09:00.000Z,2024-01-01T10:31:00.000Z,1,8.57,22.78,27.93,CARD
trip_81,V2,2024-01-01T10:18:00.000Z,2024-01-01T10:39:00.000Z,4,3.65,12.47,13.38,CARD
trip_82,V1,2024-01-01T14:31:00.000Z,2024-01-01T14:58:00.000Z,3,13.32,30.42,36.75,CARD
trip_83,V2,2024-01-01T12:56:00.000Z,2024-01-01T13:26:00.000Z,2,13.76,29.56,35.04,CARD
trip_84,V1,2024-01-01T08:48:00.000Z,2024-01-01T08:53:00.000Z,1,3.96,9.98,12.59,CASH
trip_85,V2,2024-01-01T14:07:00.000Z,2024-01-01T14:18:00.000Z,4,6.83,18.64,19.28,CARD
trip_86,V2,2024-01-01T15:01:00.000Z,2024-01-01T15:27:00.000Z,4,3.11,11.13,12.1,CARD
trip_87,V2,2024-01-01T09:07:00.000Z,2024-01-01T09:17:00.000Z,1,3.8,12.4,13.53,CASH
trip_88,V2,2024-01-01T09:52:00.000Z,2024-01-01T10:26:00.000Z,3,10.19,22.77,23.82,CASH
trip_89,V2,2024-01-01T13:15:00.000Z,2024-01-01T13:51:00.000Z,3,2.27,8.14,8.51,CASH
trip_90,V1,2024-01-01T12:50:00.000Z,2024-01-01T13:12:00.000Z,3,5.3,13.92,14.47,CARD
trip_91,V1,2024-01-01T09:45:00.000Z,2024-01-01T10:21:00.000Z,1,4.55,11.46,12.67,CASH
trip_92,V2,2024-01-01T16:34:00.000Z,2024-01-01T16:55:00.000Z,4,8.56,19.46,21.19,CARD
trip_93,V1,2024-01-01T10:43:00.000Z,2024-01-01T11:20:00.000Z,4,10.13,24.09,27.16,CARD
trip_94,V1,2024-01-01T10:16:00.000Z,2024-01-01T10:24:00.000Z,2,10.59,25.93,30.27,CASH
trip_95,V1,2024-01-01T14:16:00.000Z,2024-01-01T14:33:00.000Z,4,6.93,19.02,19.04,CASH
trip_96,V1,2024-01-01T13:48:00.000Z,2024-01-01T14:27:00.000Z,4,14.76,35.07,44.54,CARD
trip_97,V1,2024-01-01T12:57:00.000Z,2024-01-01T13:21:00.000Z,3,0.85,7.01,8.99,CASH
trip_98,V1,2024-01-01T13:20:00.000Z,2024-01-01T13:55:00.000Z,3,8.46,20.25,24.86,CARD
trip_99,V2,2024-01-01T09:49:00.000Z,2024-01-01T10:26:00.000Z,3,14.32,34.3,37.75,CARD
trip_100,V1,2024-01-01T13:14:00.000Z,2024-01-01T13:35:00.000Z,3,10.23,23.49,24.48,CARD
trip_101,V2,2024-01-01T16:33:00.000Z,2024-01-01T16:54:00.000Z,1,4.25,12.66,13.08,CASH
trip_102,V1,2024-01-01T16:10:00.000Z,2024-01-01T16:41:00.000Z,3,-0.3,1.88,2.3,CASH
trip_103,V1,2024-01-01T12:03:00.000Z,2024-01-01T12:23:00.000Z,1,0.64,6.28,6.63,CASH
trip_104,V1,2024-01-01T16:58:00.000Z,2024-01-01T17:28:00.000Z,4,0.31,5.12,5.86,CASH
trip_105,V2,2024-01-01T08:55:00.000Z,2024-01-01T09:07:00.000Z,1,4.81,13.73,13.99,CASH
trip_106,V2,2024-01-01T17:35:00.000Z,2024-01-01T17:44:00.000Z,2,3.08,10.44,13.08,CARD
trip_107,V2,2024-01-01T14:50:00.000Z,2024-01-01T15:02:00.000Z,2,9.02,22.06,27.44,CARD
trip_108,V2,2024-01-01T11:15:00.000Z,2024-01-01T11:46:00.000Z,3,1.94,7.85,9.87,CARD
trip_109,V1,2024-01-01T08:39:00.000Z,2024-01-01T09:16:00.000Z,2,-0.81,2.78,2.86,CASH
trip_110,V1,2024-01-01T15:26:00.000Z,2024-01-01T15:43:00.000Z,2,8.02,18.18,23.0,CARD
trip_111,V1,2024-01-01T10:34:00.000Z,2024-01-01T11:10:00.000Z,2,0.26,6.29,6.53,CASH
trip_112,V2,2024-01-01T12:09:00.000Z,2024-01-01T12:35:00.000Z,2,7.83,21.14,21.34,CARD
trip_113,V2,2024-01-01T10:01:00.000Z,2024-01-01T10:17:00.000Z,3,1.51,6.25,7.54,CASH
trip_114,V2,2024-01-01T11:51:00.000Z,2024-01-01T12:29:00.000Z,3,4.82,15.44,16.65,CARD
trip_115,V2,2024-01-01T17:32:00.000Z,2024-01-01T17:58:00.000Z,1,0.81,5.88,6.37,CASH
trip_116,V2,2024-01-01T12:28:00.000Z,2024-01-01T13:06:00.000Z,4,-0.4,0.74,0.84,CARD
trip_117,V1,2024-01-01T14:22:00.000Z,2024-01-01T14:44:00.000Z,3,-0.95,1.93,1.97,CARD
trip_118,V2,2024-01-01T11:37:00.000Z,2024-01-01T11:57:00.000Z,2,12.84,31.06,39.27,CASH
trip_119,V1,2024-01-01T11:37:00.000Z,2024-01-01T12:06:00.000Z,4,5.3,16.0,18.95,CARD
trip_120,V1,2024-01-01T12:44:00.000Z,2024-01-01T13:02:00.000Z,1,8.45,20.41,25.67,CARD
trip_121,V2,2024-01-01T16:39:00.000Z,2024-01-01T17:03:00.000Z,3,1.8,9.41,10.17,CARD
trip_122,V1,2024-01-01T08:41:00.000Z,2024-01-01T09:10:00.000Z,2,9.25,21.56,24.33,CASH
trip_123,V1,2024-01-01T17:19:00.000Z,2024-01-01T17:39:00.000Z,1,8.62,22.11,24.74,CARD
trip_124,V2,2024-01-01T17:33:00.000Z,2024-01-01T18:04:00.000Z,2,8.2,18.55,19.1,CASH
trip_125,V2,2024-01-01T16:58:00.000Z,2024-01-01T17:06:00.000Z,4,3.34,9.75,10.71,CARD
trip_126,V2,2024-01-01T17:57:00.000Z,2024-01-01T18:18:00.000Z,3,-0.71,1.96,2.08,CASH
trip_127,V1,2024-01-01T17:50:00.000Z,2024-01-01T18:01:00.000Z,1,5.75,16.11,18.98,CARD
trip_128,V2,2024-01-01T09:27:00.000Z,2024-01-01T09:46:00.000Z,4,2.35,9.33,11.35,CASH
trip_129,V2,2024-01-01T17:02:00.000Z,2024-01-01T17:40:00.000Z,1,12.41,29.87,36.62,CASH
trip_130,V1,2024-01-01T11:44:00.000Z,2024-01-01T12:09:00.000Z,1,-0.2,2.96,3.35,CASH
trip_131,V1,2024-01-01T12:08:00.000Z,2024-01-01T12:47:00.000Z,1,2.81,9.56,12.18,CARD
trip_132,V1,2024-01-01T09:22:00.000Z,2024-01-01T09:55:00.000Z,1,12.49,30.02,36.08,CASH
trip_133,V2,2024-01-01T16:55:00.000Z,2024-01-01T17:15:00.000Z,2,8.8,20.61,21.96,CASH
trip_134,V1,2024-01-01T15:08:00.000Z,2024-01-01T15:39:00.000Z,1,7.19,19.85,20.16,CARD
trip_135,V2,2024-01-01T17:28:00.000Z,2024-01-01T17:47:00.000Z,2,7.83,18.15,23.39,CARD
trip_136,V1,2024-01-01T16:47:00.000Z,2024-01-01T17:11:00.000Z,2,12.53,28.15,30.94,CASH
trip_137,V2,2024-01-01T09:19:00.000Z,2024-01-01T09:42:00.000Z,3,6.38,16.26,17.28,CASH
trip_138,V2,2024-01-01T11:07:00.000Z,2024-01-01T11:44:00.000Z,3,7.18,17.78,21.06,CARD
trip_139,V1,2024-01-01T12:03:00.000Z,2024-01-01T12:21:00.000Z,3,11.53,28.64,32.04,CASH
trip_140,V2,2024-01-01T09:43:00.000Z,2024-01-01T10:07:00.000Z,3,4.56,13.67,14.77,CASH
trip_141,V1,2024-01-01T13:13:00.000Z,2024-01-01T13:32:00.000Z,1,2.63,9.62,11.2,CARD
trip_142,V2,2024-01-01T08:11:00.000Z,2024-01-01T08:43:00.000Z,3,11.2,25.67,32.7,CASH
trip_143,V1,2024-01-01T09:36:00.000Z,2024-01-01T10:06:00.000Z,3,8.03,18.18,21.68,CARD
trip_144,V1,2024-01-01T13:27:00.000Z,2024-01-01T13:32:00.000Z,3,5.02,12.66,15.1,CARD
trip_145,V2,2024-01-01T17:54:00.000Z,2024-01-01T18:20:00.000Z,3,13.07,28.84,37.48,CASH
trip_146,V2,2024-01-01T14:12:00.000Z,2024-01-01T14:17:00.000Z,4,7.64,20.02,25.53,CASH
trip_147,V2,2024-01-01T16:51:00.000Z,2024-01-01T16:56:00.000Z,4,6.47,17.05,19.39,CARD
trip_148,V1,2024-01-01T08:31:00.000Z,2024-01-01T08:45:00.000Z,2,9.65,22.47,26.29,CARD
trip_149,V2,2024-01-01T11:24:00.000Z,2024-01-01T11:30:00.000Z,3,8.41,22.22,22.96,CARD
trip_150,V2,2024-01-01T09:04:00.000Z,2024-01-01T09:35:00.000Z,1,14.21,31.48,35.55,CASH
trip_151,V2,2024-01-01T16:43:00.000Z,2024-01-01T17:21:00.000Z,3,10.06,25.84,30.83,CASH
trip_152,V1,2024-01-01T14:54:00.000Z,2024-01-01T15:28:00.000Z,3,10.38,26.73,26.81,CARD
trip_153,V1,2024-01-01T12:10:00.000Z,2024-01-01T12:35:00.000Z,3,6.37,16.65,21.05,CASH
trip_154,V1,2024-01-01T14:24:00.000Z,2024-01-01T14:32:00.000Z,4,4.81,13.04,15.45,CASH
trip_155,V2,2024-01-01T11:10:00.000Z,2024-01-01T11:16:00.000Z,2,7.14,18.96,20.78,CARD
trip_156,V1,2024-01-01T10:22:00.000Z,2024-01-01T10:32:00.000Z,1,10.49,26.94,32.33,CARD
trip_157,V2,2024-01-01T08:56:00.000Z,2024-01-01T09:09:00.000Z,4,0.63,5.07,6.45,CASH
trip_158,V1,2024-01-01T11:26:00.000Z,2024-01-01T11:32:00.000Z,1,12.84,27.89,35.95,CARD
trip_159,V1,2024-01-01T14:21:00.000Z,2024-01-01T14:59:00.000Z,3,10.9,27.73,29.06,CASH
trip_160,V2,2024-01-01T13:46:00.000Z,2024-01-01T14:06:00.000Z,2,7.7,18.76,20.18,CARD
trip_161,V2,2024-01-01T13:11:00.000Z,2024-01-01T13:28:00.000Z,4,0.94,4.89,5.79,CASH
trip_162,V1,2024-01-01T11:46:00.000Z,2024-01-01T11:53:00.000Z,4,3.91,10.37,12.01,CARD
trip_163,V2,2024-01-01T10:10:00.000Z,2024-01-01T10:31:00.000Z,2,5.0,15.42,15.91,CARD
trip_164,V1,2024-01-01T14:42:00.000Z,2024-01-01T14:53:00.000Z,4,3.3,8.62,9.85,CARD
trip_165,V2,2024-01-01T16:22:00.000Z,2024-01-01T16:45:00.000Z,2,14.59,34.9,37.35,CARD
trip_166,V2,2024-01-01T17:54:00.000Z,2024-01-01T18:06:00.000Z,2,13.77,29.93,33.19,CASH
trip_167,V1,2024-01-01T15:10:00.000Z,2024-01-01T15:35:00.000Z,1,6.24,15.98,17.39,CASH
trip_168,V2,2024-01-01T09:49:00.000Z,2024-01-01T10:20:00.000Z,1,11.96,26.8,28.67,CASH
trip_169,V1,2024-01-01T17:19:00.000Z,2024-01-01T17:42:00.000Z,4,6.78,18.68,19.78,CASH
trip_170,V2,2024-01-01T08:26:00.000Z,2024-01-01T08:48:00.000Z,1,8.03,21.26,23.75,CARD
trip_171,V2,2024-01-01T16:27:00.000Z,2024-01-01T16:54:00.000Z,1,13.46,29.92,30.74,CARD
trip_172,V1,2024-01-01T11:17:00.000Z,2024-01-01T11:39:00.000Z,3,6.25,17.21,19.24,CARD
trip_173,V2,2024-01-01T14:47:00.000Z,2024-01-01T15:06:00.000Z,3,8.14,21.49,23.13,CARD
trip_174,V1,2024-01-01T15:33:00.000Z,2024-01-01T15:42:00.000Z,1,11.09,26.04,30.03,CARD
trip_175,V2,2024-01-01T14:31:00.000Z,2024-01-01T14:47:00.000Z,2,12.28,26.66,26.7,CASH
trip_176,V2,2024-01-01T09:52:00.000Z,2024-01-01T10:24:00.000Z,4,10.99,27.19,33.56,CARD
trip_177,V1,2024-01-01T12:02:00.000Z,2024-01-01T12:33:00.000Z,1,11.89,29.63,32.98,CARD
trip_178,V1,2024-01-01T10:32:00.000Z,2024-01-01T10:50:00.000Z,2,11.12,28.16,36.26,CASH
trip_179,V2,2024-01-01T10:20:00.000Z,2024-01-01T10:47:00.000Z,2,3.15,9.58,10.21,CASH
trip_180,V1,2024-01-01T17:12:00.000Z,2024-01-01T17:40:00.000Z,1,1.66,8.12,8.99,CARD
trip_181,V1,2024-01-01T09:13:00.000Z,2024-01-01T09:31:00.000Z,2,10.7,26.24,29.08,CASH
trip_182,V2,2024-01-01T10:59:00.000Z,2024-01-01T11:39:00.000Z,3,8.22,18.82,20.88,CARD
trip_183,V2,2024-01-01T13:36:00.000Z,2024-01-01T13:55:00.000Z,2,3.31,10.82,11.91,CASH
trip_184,V1,2024-01-01T12:49:00.000Z,2024-01-01T13:01:00.000Z,1,3.64,10.37,10.41,CARD
trip_185,V2,2024-01-01T16:52:00.000Z,2024-01-01T17:08:00.000Z,2,4.88,15.54,17.74,CARD
trip_186,V2,2024-01-01T17:05:00.000Z,2024-01-01T17:35:00.000Z,4,-0.95,0.61,0.62,CASH
trip_187,V1,2024-01-01T17:54:00.000Z,2024-01-01T18:06:00.000Z,3,3.18,12.26,13.47,CASH
trip_188,V2,2024-01-01T14:42:00.000Z,2024-01-01T15:20:00.000Z,1,10.43,23.02,29.31,CASH
trip_189,V2,2024-01-01T11:47:00.000Z,2024-01-01T12:12:00.000Z,3,6.32,16.0,19.41,CARD
trip_190,V1,2024-01-01T08:51:00.000Z,2024-01-01T09:07:00.000Z,4,13.17,28.46,35.65,CASH
trip_191,V2,2024-01-01T16:11:00.000Z,2024-01-01T16:23:00.000Z,2,8.89,22.99,24.8,CARD
trip_192,V1,2024-01-01T12:43:00.000Z,2024-01-01T13:13:00.000Z,1,1.22,8.14,8.81,CARD
trip_193,V2,2024-01-01T10:39:00.000Z,2024-01-01T11:10:00.000Z,2,8.68,20.67,24.24,CARD
trip_194,V1,2024-01-01T12:14:00.000Z,2024-01-01T12:24:00.000Z,2,9.31,24.07,26.42,CARD
trip_195,V1,2024-01-01T11:52:00.000Z,2024-01-01T12:18:00.000Z,3,13.29,28.82,34.58,CASH
trip_196,V1,2024-01-01T10:12:00.000Z,2024-01-01T10:43:00.000Z,4,8.21,21.97,27.62,CASH
trip_197,V1,2024-01-01T10:24:00.000Z,2024-01-01T10:59:00.000Z,2,5.15,15.62,18.47,CARD
trip_198,V1,2024-01-01T16:46:00.000Z,2024-01-01T17:05:00.000Z,3,4.46,13.83,16.52,CARD
trip_199,V1,2024-01-01T14:41:00.000Z,2024-01-01T14:50:00.000Z,3,2.78,9.14,11.21,CASH
trip_200,V1,2024-01-01T11:18:00.000Z,2024-01-01T11:55:00.000Z,1,12.95,28.55,33.75,CARD
trip_201,V1,2024-01-01T13:33:00.000Z,2024-01-01T13:50:00.000Z,2,8.13,21.34,25.47,CARD
trip_202,V1,2024-01-01T08:29:00.000Z,2024-01-01T09:01:00.000Z,4,6.74,16.69,17.19,CARD
trip_203,V1,2024-01-01T09:30:00.000Z,2024-01-01T09:41:00.000Z,4,0.24,6.0,7.5,CASH
trip_204,V1,2024-01-01T12:01:00.000Z,2024-01-01T12:18:00.000Z,1,10.03,25.48,27.36,CARD
trip_205,V1,2024-01-01T11:05:00.000Z,2024-01-01T11:13:00.000Z,1,4.85,13.16,14.61,CASH
trip_206,V1,2024-01-01T12:09:00.000Z,2024-01-01T12:31:00.000Z,3,9.68,21.56,27.69,CASH
trip_207,V2,2024-01-01T16:17:00.000Z,2024-01-01T16:27:00.000Z,3,13.32,30.29,34.25,CARD
trip_208,V2,2024-01-01T11:27:00.000Z,2024-01-01T11:37:00.000Z,4,7.13,17.96,17.97,CARD
trip_209,V1,2024-01-01T13:50:00.000Z,2024-01-01T14:09:00.000Z,3,6.09,15.73,18.13,CARD
trip_210,V1,2024-01-01T16:16:00.000Z,2024-01-01T16:37:00.000Z,2,8.44,19.13,19.62,CARD
trip_211,V1,2024-01-01T15:02:00.000Z,2024-01-01T15:11:00.000Z,3,3.25,9.44,10.64,CASH
trip_212,V1,2024-01-01T08:09:00.000Z,2024-01-01T08:38:00.000Z,2,7.9,18.71,18.99,CARD
trip_213,V2,2024-01-01T14:01:00.000Z,2024-01-01T14:06:00.000Z,2,0.6,5.47,6.75,CASH
trip_214,V2,2024-01-01T17:15:00.000Z,2024-01-01T17:22:00.000Z,4,6.68,15.45,16.78,CASH
trip_215,V1,2024-01-01T17:23:00.000Z,2024-01-01T17:57:00.000Z,1,6.34,18.25,23.13,CARD
trip_216,V2,2024-01-01T08:14:00.000Z,2024-01-01T08:20:00.000Z,3,-0.23,3.38,3.41,CARD
trip_217,V2,2024-01-01T15:17:00.000Z,2024-01-01T15:22:00.000Z,3,12.24,27.74,30.72,CASH
trip_218,V2,2024-01-01T10:42:00.000Z,2024-01-01T11:14:00.000Z,1,-0.06,4.75,5.0,CASH
trip_219,V2,2024-01-01T16:30:00.000Z,2024-01-01T16:42:00.000Z,3,2.06,7.16,8.93,CASH
trip_220,V1,2024-01-01T09:11:00.000Z,2024-01-01T09:27:00.000Z,3,6.32,17.48,20.02,CASH
trip_221,V2,2024-01-01T11:45:00.000Z,2024-01-01T12:20:00.000Z,2,6.65,16.65,20.74,CARD
trip_222,V2,2024-01-01T08:03:00.000Z,2024-01-01T08:21:00.000Z,3,10.22,22.75,27.42,CASH
trip_223,V1,2024-01-01T17:08:00.000Z,2024-01-01T17:23:00.000Z,4,0.88,5.06,5.63,CARD
trip_224,V2,2024-01-01T15:49:00.000Z,2024-01-01T16:06:00.000Z,2,7.14,20.18,24.06,CARD
trip_225,V1,2024-01-01T13:45:00.000Z,2024-01-01T14:23:00.000Z,3,14.3,33.65,43.57,CARD
trip_226,V2,2024-01-01T10:44:00.000Z,2024-01-01T10:50:00.000Z,2,13.71,31.22,31.45,CASH
trip_227,V1,2024-01-01T15:40:00.000Z,2024-01-01T15:56:00.000Z,3,10.02,22.99,24.1,CARD
trip_228,V2,2024-01-01T10:40:00.000Z,2024-01-01T10:59:00.000Z,2,13.08,29.23,34.64,CASH
trip_229,V1,2024-01-01T12:17:00.000Z,2024-01-01T12:25:00.000Z,3,9.57,23.35,23.69,CASH
trip_230,V2,2024-01-01T15:29:00.000Z,2024-01-01T15:36:00.000Z,2,7.71,21.33,24.84,CARD
trip_231,V2,2024-01-01T14:05:00.000Z,2024-01-01T14:26:00.000Z,1,12.64,27.58,35.2,CASH
trip_232,V2,2024-01-01T15:50:00.000Z,2024-01-01T15:55:00.000Z,4,4.45,14.07,14.95,CASH
trip_233,V2,2024-01-01T12:28:00.000Z,2024-01-01T13:03:00.000Z,4,11.1,26.52,30.69,CASH
trip_234,V2,2024-01-01T15:46:00.000Z,2024-01-01T16:22:00.000Z,1,3.24,9.8,10.31,CASH
trip_235,V2,2024-01-01T17:28:00.000Z,2024-01-01T18:07:00.000Z,2,10.61,25.39,32.13,CARD
trip_236,V2,2024-01-01T13:35:00.000Z,2024-01-01T13:51:00.000Z,1,11.21,27.94,28.83,CASH
trip_237,V1,2024-01-01T09:08:00.000Z,2024-01-01T09:44:00.000Z,1,13.06,31.39,37.7,CASH
trip_238,V1,2024-01-01T11:20:00.000Z,2024-01-01T11:30:00.000Z,1,6.3,15.56,16.24,CARD
trip_239,V1,2024-01-01T10:03:00.000Z,2024-01-01T10:39:00.000Z,3,10.75,23.73,25.18,CASH
trip_240,V1,2024-01-01T10:57:00.000Z,2024-01-01T11:33:00.000Z,2,7.39,20.6,21.43,CASH
trip_241,V1,2024-01-01T08:22:00.000Z,2024-01-01T08:50:00.000Z,2,7.16,18.57,21.4,CARD
trip_242,V2,2024-01-01T11:53:00.000Z,2024-01-01T12:25:00.000Z,1,3.07,8.62,8.64,CASH
trip_243,V1,2024-01-01T15:13:00.000Z,2024-01-01T15:49:00.000Z,1,0.08,4.34,5.53,CARD
trip_244,V1,2024-01-01T17:40:00.000Z,2024-01-01T18:04:00.000Z,4,9.38,21.87,23.77,CASH
trip_245,V1,2024-01-01T08:09:00.000Z,2024-01-01T08:25:00.000Z,4,8.14,19.37,23.47,CARD
trip_246,V1,2024-01-01T11:22:00.000Z,2024-01-01T11:43:00.000Z,2,10.1,23.08,23.41,CASH
trip_247,V1,2024-01-01T17:24:00.000Z,2024-01-01T17:33:00.000Z,2,0.01,5.2,6.43,CASH
trip_248,V1,2024-01-01T09:27:00.000Z,2024-01-01T09:50:00.000Z,2,8.13,20.19,23.45,CARD
trip_249,V2,2024-01-01T09:22:00.000Z,2024-01-01T10:00:00.000Z,3,0.36,4.17,4.21,CARD
trip_250,V1,2024-01-01T11:26:00.000Z,2024-01-01T12:02:00.000Z,3,2.58,7.27,8.85,CARD
trip_251,V2,2024-01-01T14:11:00.000Z,2024-01-01T14:22:00.000Z,4,2.37,6.95,7.29,CASH
trip_252,V2,2024-01-01T14:18:00.000Z,2024-01-01T14:25:00.000Z,4,12.07,30.13,32.07,CARD
trip_253,V1,2024-01-01T13:59:00.000Z,2024-01-01T14:36:00.000Z,1,4.0,10.65,12.8,CASH
trip_254,V1,2024-01-01T12:08:00.000Z,2024-01-01T12:42:00.000Z,4,13.16,29.11,33.34,CARD
trip_255,V2,2024-01-01T09:27:00.000Z,2024-01-01T10:00:00.000Z,1,14.09,33.67,36.09,CARD
trip_256,V2,2024-01-01T16:04:00.000Z,2024-01-01T16:42:00.000Z,4,-0.71,3.39,3.67,CASH
trip_257,V1,2024-01-01T15:05:00.000Z,2024-01-01T15:20:00.000Z,4,0.66,5.09,6.17,CASH
trip_258,V1,2024-01-01T16:24:00.000Z,2024-01-01T16:57:00.000Z,4,6.27,17.64,22.86,CARD
trip_259,V1,2024-01-01T10:28:00.000Z,2024-01-01T10:52:00.000Z,2,7.29,16.68,21.34,CARD
trip_260,V1,2024-01-01T08:37:00.000Z,2024-01-01T09:00:00.000Z,2,3.47,9.75,9.77,CASH
trip_261,V1,2024-01-01T16:59:00.000Z,2024-01-01T17:10:00.000Z,3,7.43,19.36,19.52,CASH
trip_262,V1,2024-01-01T10:59:00.000Z,2024-01-01T11:24:00.000Z,1,14.73,34.13,43.61,CARD
trip_263,V2,2024-01-01T10:44:00.000Z,2024-01-01T10:57:00.000Z,2,3.97,10.95,12.28,CASH
trip_264,V1,2024-01-01T15:52:00.000Z,2024-01-01T16:13:00.000Z,1,7.29,18.05,21.67,CARD
trip_265,V2,2024-01-01T11:36:00.000Z,2024-01-01T12:10:00.000Z,3,9.95,23.58,28.86,CASH
trip_266,V2,2024-01-01T08:36:00.000Z,2024-01-01T08:47:00.000Z,4,6.54,17.37,20.74,CASH
trip_267,V2,2024-01-01T09:13:00.000Z,2024-01-01T09:45:00.000Z,4,2.6,8.19,9.85,CASH
trip_268,V2,2024-01-01T10:12:00.000Z,2024-01-01T10:21:00.000Z,4,10.91,23.9,28.94,CARD
trip_269,V2,2024-01-01T15:12:00.000Z,2024-01-01T15:22:00.000Z,1,-0.37,2.28,2.47,CASH
trip_270,V2,2024-01-01T09:59:00.000Z,2024-01-01T10:26:00.000Z,4,6.95,18.96,21.64,CARD
trip_271,V2,2024-01-01T10:30:00.000Z,2024-01-01T10:45:00.000Z,3,6.01,17.83,20.16,CARD
trip_272,V1,2024-01-01T11:07:00.000Z,2024-01-01T11:23:00.000Z,4,11.53,28.27,34.2,CASH
trip_273,V1,2024-01-01T10:02:00.000Z,2024-01-01T10:40:00.000Z,1,14.43,34.35,40.92,CARD
trip_274,V1,2024-01-01T11:54:00.000Z,2024-01-01T12:26:00.000Z,2,2.11,9.2,10.74,CARD
trip_275,V1,2024-01-01T11:34:00.000Z,2024-01-01T11:52:00.000Z,3,8.98,20.16,22.14,CASH
trip_276,V2,2024-01-01T15:03:00.000Z,2024-01-01T15:18:00.000Z,3,0.85,5.79,7.51,CARD
trip_277,V2,2024-01-01T15:35:00.000Z,2024-01-01T16:08:00.000Z,4,0.44,4.11,4.17,CASH
trip_278,V1,2024-01-01T17:25:00.000Z,2024-01-01T17:54:00.000Z,1,2.99,9.77,11.6,CARD
trip_279,V1,2024-01-01T09:50:00.000Z,2024-01-01T09:55:00.000Z,2,12.4,27.91,31.67,CASH
trip_280,V2,2024-01-01T13:28:00.000Z,2024-01-01T13:51:00.000Z,3,-0.86,0.96,1.18,CARD
trip_281,V2,2024-01-01T17:35:00.000Z,2024-01-01T17:58:00.000Z,3,0.75,4.38,4.54,CASH
trip_282,V2,2024-01-01T14:22:00.000Z,2024-01-01T14:32:00.000Z,1,10.74,23.76,27.27,CARD
trip_283,V1,2024-01-01T13:34:00.000Z,2024-01-01T14:06:00.000Z,2,3.67,13.34,15.74,CASH
trip_284,V1,2024-01-01T12:47:00.000Z,2024-01-01T13:25:00.000Z,2,5.0,12.42,13.24,CASH
trip_285,V2,2024-01-01T08:32:00.000Z,2024-01-01T09:02:00.000Z,3,-0.99,4.98,5.87,CASH
trip_286,V1,2024-01-01T12:36:00.000Z,2024-01-01T12:57:00.000Z,4,11.86,26.18,26.61,CASH
trip_287,V1,2024-01-01T16:03:00.000Z,2024-01-01T16:40:00.000Z,2,14.65,32.49,41.71,CARD
trip_288,V2,2024-01-01T15:18:00.000Z,2024-01-01T15:51:00.000Z,2,0.77,4.14,4.21,CARD
trip_289,V2,2024-01-01T14:17:00.000Z,2024-01-01T14:35:00.000Z,3,9.17,20.79,20.97,CARD
trip_290,V1,2024-01-01T10:58:00.000Z,2024-01-01T11:18:00.000Z,3,2.64,11.22,14.18,CARD
trip_291,V1,2024-01-01T10:41:00.000Z,2024-01-01T11:14:00.000Z,1,14.75,31.64,40.13,CASH
trip_292,V2,2024-01-01T17:05:00.000Z,2024-01-01T17:36:00.000Z,3,8.08,21.77,27.69,CASH
trip_293,V1,2024-01-01T11:07:00.000Z,2024-01-01T11:37:00.000Z,4,5.17,12.52,14.47,CASH
trip_294,V2,2024-01-01T11:09:00.000Z,2024-01-01T11:29:00.000Z,4,10.29,26.23,33.06,CARD
trip_295,V1,2024-01-01T14:07:00.000Z,2024-01-01T14:32:00.000Z,3,12.03,27.18,35.16,CASH
trip_296,V2,2024-01-01T12:45:00.000Z,2024-01-01T13:11:00.000Z,4,11.41,25.33,31.94,CASH
trip_297,V2,2024-01-01T14:00:00.000Z,2024-01-01T14:05:00.000Z,3,10.04,25.53,28.83,CASH
trip_298,V2,2024-01-01T12:20:00.000Z,2024-01-01T12:50:00.000Z,2,1.83,6.19,7.27,CARD
trip_299,V2,2024-01-01T09:09:00.000Z,2024-01-01T09:31:00.000Z,1,2.98,11.68,14.33,CASH
trip_300,V2,2024-01-01T11:15:00.000Z,2024-01-01T11:35:00.000Z,4,0.8,7.49,9.43,CARD
trip_301,V2,2024-01-01T15:23:00.000Z,2024-01-01T16:00:00.000Z,4,4.23,14.4,15.99,CARD
trip_302,V1,2024-01-01T10:56:00.000Z,2024-01-01T11:14:00.000Z,4,10.24,25.74,28.96,CARD
trip_303,V1,2024-01-01T14:22:00.000Z,2024-01-01T14:46:00.000Z,1,2.85,10.17,11.75,CASH
trip_304,V2,2024-01-01T08:34:00.000Z,2024-01-01T09:06:00.000Z,4,7.85,18.52,23.22,CASH
trip_305,V1,2024-01-01T08:21:00.000Z,2024-01-01T08:46:00.000Z,3,-0.97,3.7,4.2,CARD
trip_306,V1,2024-01-01T08:35:00.000Z,2024-01-01T09:02:00.000Z,2,9.32,24.57,26.8,CASH
trip_307,V1,2024-01-01T17:39:00.000Z,2024-01-01T18:03:00.000Z,3,3.65,11.46,14.17,CARD
trip_308,V1,2024-01-01T08:35:00.000Z,2024-01-01T08:55:00.000Z,2,10.14,24.88,30.44,CARD
trip_309,V2,2024-01-01T10:43:00.000Z,2024-01-01T10:52:00.000Z,1,5.87,15.19,16.55,CARD
trip_310,V2,2024-01-01T08:54:00.000Z,2024-01-01T09:02:00.000Z,4,6.16,14.76,18.44,CARD
trip_311,V2,2024-01-01T18:00:00.000Z,2024-01-01T18:08:00.000Z,2,2.96,11.63,12.55,CASH
trip_312,V2,2024-01-01T15:37:00.000Z,2024-01-01T16:10:00.000Z,1,5.21,12.42,12.79,CASH
trip_313,V1,2024-01-01T08:00:00.000Z,2024-01-01T08:15:00.000Z,1,14.72,32.72,35.94,CASH
trip_314,V1,2024-01-01T12:29:00.000Z,2024-01-01T13:03:00.000Z,3,14.98,34.53,43.48,CARD
trip_315,V2,2024-01-01T09:51:00.000Z,2024-01-01T10:16:00.000Z,1,5.72,16.27,19.39,CASH
trip_316,V1,2024-01-01T10:54:00.000Z,2024-01-01T11:03:00.000Z,2,10.16,25.97,26.98,CASH
trip_317,V1,2024-01-01T14:02:00.000Z,2024-01-01T14:19:00.000Z,4,1.31,5.74,6.2,CARD
trip_318,V1,2024-01-01T10:04:00.000Z,2024-01-01T10:25:00.000Z,1,10.87,26.6,28.42,CASH
trip_319,V2,2024-01-01T14:47:00.000Z,2024-01-01T15:23:00.000Z,3,0.62,4.25,5.06,CASH
trip_320,V2,2024-01-01T11:37:00.000Z,2024-01-01T11:46:00.000Z,1,10.65,24.01,29.44,CASH
trip_321,V1,2024-01-01T12:26:00.000Z,2024-01-01T12:47:00.000Z,4,-0.87,4.57,4.64,CASH
trip_322,V2,2024-01-01T13:56:00.000Z,2024-01-01T14:02:00.000Z,2,-0.61,0.64,0.82,CASH
trip_323,V2,2024-01-01T14:18:00.000Z,2024-01-01T14:25:00.000Z,3,8.2,20.47,26.07,CARD
trip_324,V2,2024-01-01T11:35:00.000Z,2024-01-01T12:13:00.000Z,3,13.88,33.2,34.44,CARD
trip_325,V1,2024-01-01T12:05:00.000Z,2024-01-01T12:20:00.000Z,4,1.23,5.33,6.84,CASH
trip_326,V1,2024-01-01T17:22:00.000Z,2024-01-01T18:00:00.000Z,2,9.68,22.11,23.3,CASH
trip_327,V2,2024-01-01T15:33:00.000Z,2024-01-01T16:04:00.000Z,1,7.85,19.2,24.63,CARD
trip_328,V2,2024-01-01T13:34:00.000Z,2024-01-01T13:56:00.000Z,1,13.4,30.49,33.2,CASH
trip_329,V1,2024-01-01T15:57:00.000Z,2024-01-01T16:05:00.000Z,4,2.43,8.81,8.93,CASH
trip_330,V2,2024-01-01T09:02:00.000Z,2024-01-01T09:12:00.000Z,1,9.65,23.04,28.59,CARD
trip_331,V2,2024-01-01T11:34:00.000Z,2024-01-01T12:11:00.000Z,3,2.98,10.39,12.12,CASH
trip_332,V1,2024-01-01T08:32:00.000Z,2024-01-01T08:37:00.000Z,2,14.63,34.21,39.38,CASH
trip_333,V1,2024-01-01T14:38:00.000Z,2024-01-01T15:12:00.000Z,4,14.98,34.91,43.2,CARD
trip_334,V2,2024-01-01T16:27:00.000Z,2024-01-01T16:55:00.000Z,3,11.44,26.52,31.74,CARD
trip_335,V2,2024-01-01T08:14:00.000Z,2024-01-01T08:40:00.000Z,2,3.87,13.46,14.99,CASH
trip_336,V2,2024-01-01T16:13:00.000Z,2024-01-01T16:49:00.000Z,2,8.69,19.41,19.88,CASH
trip_337,V2,2024-01-01T13:50:00.000Z,2024-01-01T14:05:00.000Z,4,9.5,24.66,27.58,CARD
trip_338,V2,2024-01-01T14:18:00.000Z,2024-01-01T14:52:00.000Z,3,10.19,25.06,29.76,CASH
trip_339,V1,2024-01-01T13:28:00.000Z,2024-01-01T13:51:00.000Z,1,5.88,14.07,14.27,CARD
trip_340,V2,2024-01-01T08:35:00.000Z,2024-01-01T08:40:00.000Z,3,14.03,31.83,32.94,CASH
trip_341,V2,2024-01-01T17:20:00.000Z,2024-01-01T17:48:00.000Z,3,5.39,15.81,16.3,CARD
trip_342,V2,2024-01-01T11:54:00.000Z,2024-01-01T12:22:00.000Z,1,5.26,15.64,18.54,CASH
trip_343,V2,2024-01-01T16:07:00.000Z,2024-01-01T16:26:00.000Z,3,2.4,10.29,12.4,CARD
trip_344,V2,2024-01-01T14:45:00.000Z,2024-01-01T14:53:00.000Z,2,8.46,19.74,20.94,CARD
trip_345,V1,2024-01-01T14:30:00.000Z,2024-01-01T14:47:00.000Z,4,10.9,24.92,31.65,CASH
trip_346,V1,2024-01-01T17:06:00.000Z,2024-01-01T17:40:00.000Z,2,13.32,29.69,33.96,CARD
trip_347,V1,2024-01-01T11:15:00.000Z,2024-01-01T11:21:00.000Z,3,9.64,21.33,26.42,CASH
trip_348,V2,2024-01-01T10:01:00.000Z,2024-01-01T10:12:00.000Z,2,6.15,15.16,15.61,CASH
trip_349,V2,2024-01-01T09:33:00.000Z,2024-01-01T09:38:00.000Z,4,3.46,12.75,14.97,CARD
trip_350,V1,2024-01-01T14:24:00.000Z,2024-01-01T14:44:00.000Z,3,4.01,11.43,14.7,CARD
trip_351,V2,2024-01-01T13:37:00.000Z,2024-01-01T13:46:00.000Z,2,9.18,22.92,26.5,CASH
trip_352,V1,2024-01-01T08:48:00.000Z,2024-01-01T08:56:00.000Z,2,1.38,8.45,9.69,CASH
trip_353,V2,2024-01-01T13:47:00.000Z,2024-01-01T14:26:00.000Z,4,4.31,10.74,11.43,CARD
trip_354,V1,2024-01-01T11:33:00.000Z,2024-01-01T11:47:00.000Z,2,7.77,20.63,26.17,CASH
trip_355,V1,2024-01-01T11:54:00.000Z,2024-01-01T12:00:00.000Z,3,5.93,15.39,17.11,CARD
trip_356,V1,2024-01-01T13:12:00.000Z,2024-01-01T13:17:00.000Z,3,2.18,6.69,7.73,CASH
trip_357,V1,2024-01-01T10:46:00.000Z,2024-01-01T11:11:00.000Z,2,12.06,29.41,35.71,CASH
trip_358,V1,2024-01-01T14:41:00.000Z,2024-01-01T14:54:00.000Z,2,5.85,15.14,18.81,CASH
trip_359,V1,2024-01-01T16:48:00.000Z,2024-01-01T17:23:00.000Z,2,5.02,13.27,14.88,CARD
trip_360,V1,2024-01-01T13:07:00.000Z,2024-01-01T13:47:00.000Z,1,12.29,26.76,29.29,CARD
trip_361,V2,2024-01-01T13:39:00.000Z,2024-01-01T14:19:00.000Z,1,-0.61,1.1,1.18,CASH
trip_362,V2,2024-01-01T08:49:00.000Z,2024-01-01T09:01:00.000Z,3,3.11,10.94,12.05,CARD
trip_363,V2,2024-01-01T08:57:00.000Z,2024-01-01T09:22:00.000Z,3,1.77,8.3,8.89,CASH
trip_364,V1,2024-01-01T12:47:00.000Z,2024-01-01T12:56:00.000Z,4,10.01,23.19,29.74,CARD
trip_365,V1,2024-01-01T16:29:00.000Z,2024-01-01T16:34:00.000Z,2,1.17,8.23,8.8,CARD
trip_366,V1,2024-01-01T12:37:00.000Z,2024-01-01T13:00:00.000Z,1,12.55,29.74,35.75,CARD
trip_367,V1,2024-01-01T10:46:00.000Z,2024-01-01T11:18:00.000Z,4,2.11,7.44,8.91,CASH
trip_368,V2,2024-01-01T17:59:00.000Z,2024-01-01T18:36:00.000Z,2,3.53,12.73,13.56,CARD
trip_369,V1,2024-01-01T15:07:00.000Z,2024-01-01T15:24:00.000Z,2,6.42,17.19,19.93,CASH
trip_370,V2,2024-01-01T11:23:00.000Z,2024-01-01T11:36:00.000Z,1,14.22,33.58,39.69,CASH
trip_371,V2,2024-01-01T09:22:00.000Z,2024-01-01T09:40:00.000Z,3,2.93,10.02,10.56,CASH
trip_372,V1,2024-01-01T10:18:00.000Z,2024-01-01T10:40:00.000Z,3,-0.6,0.04,0.05,CASH
trip_373,V2,2024-01-01T10:06:00.000Z,2024-01-01T10:28:00.000Z,1,10.29,23.4,29.2,CARD
trip_374,V1,2024-01-01T09:40:00.000Z,2024-01-01T10:04:00.000Z,2,7.32,19.42,24.45,CARD
trip_375,V2,2024-01-01T14:02:00.000Z,2024-01-01T14:37:00.000Z,3,2.29,7.9,10.01,CARD
trip_376,V2,2024-01-01T17:57:00.000Z,2024-01-01T18:34:00.000Z,4,7.57,20.55,22.25,CARD
trip_377,V2,2024-01-01T15:01:00.000Z,2024-01-01T15:41:00.000Z,4,3.79,11.74,14.8,CASH
trip_378,V2,2024-01-01T09:22:00.000Z,2024-01-01T09:56:00.000Z,3,9.52,22.33,27.36,CASH
trip_379,V2,2024-01-01T12:58:00.000Z,2024-01-01T13:07:00.000Z,1,12.13,29.69,33.22,CASH
trip_380,V2,2024-01-01T14:39:00.000Z,2024-01-01T15:14:00.000Z,3,5.37,14.71,15.34,CARD
trip_381,V2,2024-01-01T12:02:00.000Z,2024-01-01T12:30:00.000Z,2,5.35,13.95,15.34,CARD
trip_382,V1,2024-01-01T13:59:00.000Z,2024-01-01T14:09:00.000Z,1,6.69,16.84,19.8,CASH
trip_383,V2,2024-01-01T17:51:00.000Z,2024-01-01T18:25:00.000Z,3,2.69,8.6,11.07,CARD
trip_384,V2,2024-01-01T17:14:00.000Z,2024-01-01T17:43:00.000Z,2,4.58,13.35,13.61,CARD
trip_385,V1,2024-01-01T09:31:00.000Z,2024-01-01T10:01:00.000Z,2,4.6,12.33,13.95,CASH
trip_386,V2,2024-01-01T15:27:00.000Z,2024-01-01T16:04:00.000Z,4,-0.64,0.89,1.04,CARD
trip_387,V1,2024-01-01T17:52:00.000Z,2024-01-01T18:30:00.000Z,1,2.83,10.27,11.61,CASH
trip_388,V2,2024-01-01T11:58:00.000Z,2024-01-01T12:05:00.000Z,4,6.11,16.06,20.62,CARD
trip_389,V1,2024-01-01T09:24:00.000Z,2024-01-01T10:01:00.000Z,2,9.89,22.1,28.39,CARD
trip_390,V1,2024-01-01T10:38:00.000Z,2024-01-01T11:15:00.000Z,1,5.35,14.62,16.41,CARD
trip_391,V1,2024-01-01T16:18:00.000Z,2024-01-01T16:56:00.000Z,4,12.24,29.58,32.69,CASH
trip_392,V1,2024-01-01T08:37:00.000Z,2024-01-01T09:16:00.000Z,3,7.36,20.13,23.66,CARD
trip_393,V2,2024-01-01T13:45:00.000Z,2024-01-01T14:16:00.000Z,3,10.36,26.22,27.4,CASH
trip_394,V2,2024-01-01T11:54:00.000Z,2024-01-01T12:11:00.000Z,3,1.37,7.18,9.13,CARD
trip_395,V1,2024-01-01T11:23:00.000Z,2024-01-01T11:30:00.000Z,3,9.86,25.14,31.38,CASH
trip_396,V1,2024-01-01T14:26:00.000Z,2024-01-01T14:47:00.000Z,1,9.14,23.85,26.49,CARD
trip_397,V2,2024-01-01T17:37:00.000Z,2024-01-01T17:53:00.000Z,4,14.21,31.53,40.6,CARD
trip_398,V2,2024-01-01T12:28:00.000Z,2024-01-01T12:50:00.000Z,2,1.97,7.85,8.53,CARD
trip_399,V1,2024-01-01T13:41:00.000Z,2024-01-01T14:12:00.000Z,3,7.31,19.28,20.04,CARD
trip_400,V1,2024-01-01T09:01:00.000Z,2024-01-01T09:41:00.000Z,1,11.97,26.61,33.6,CARD
trip_401,V2,2024-01-01T09:29:00.000Z,2024-01-01T09:50:00.000Z,3,11.72,28.1,29.79,CASH
trip_402,V2,2024-01-01T09:37:00.000Z,2024-01-01T09:46:00.000Z,1,10.15,25.71,26.61,CASH
trip_403,V2,2024-01-01T15:52:00.000Z,2024-01-01T16:20:00.000Z,2,4.41,13.15,13.34,CASH
trip_404,V1,2024-01-01T10:19:00.000Z,2024-01-01T10:46:00.000Z,2,0.57,5.64,6.62,CASH
trip_405,V1,2024-01-01T16:54:00.000Z,2024-01-01T17:06:00.000Z,4,3.97,13.87,16.36,CASH
trip_406,V2,2024-01-01T16:48:00.000Z,2024-01-01T17:26:00.000Z,4,2.0,6.75,6.89,CASH
trip_407,V2,2024-01-01T09:30:00.000Z,2024-01-01T09:51:00.000Z,3,1.41,6.69,7.74,CARD
trip_408,V2,2024-01-01T17:04:00.000Z,2024-01-01T17:24:00.000Z,3,4.73,13.53,14.08,CASH
trip_409,V2,2024-01-01T13:29:00.000Z,2024-01-01T13:48:00.000Z,2,1.07,7.54,7.69,CASH
trip_410,V2,2024-01-01T08:09:00.000Z,2024-01-01T08:49:00.000Z,4,5.65,16.46,18.7,CASH
trip_411,V2,2024-01-01T12:12:00.000Z,2024-01-01T12:39:00.000Z,1,14.25,34.29,43.37,CARD
trip_412,V1,2024-01-01T11:21:00.000Z,2024-01-01T11:35:00.000Z,1,11.54,28.78,33.32,CARD
trip_413,V1,2024-01-01T15:47:00.000Z,2024-01-01T16:11:00.000Z,4,1.37,6.88,7.67,CASH
trip_414,V2,2024-01-01T12:45:00.000Z,2024-01-01T13:03:00.000Z,1,1.1,8.01,9.65,CARD
trip_415,V1,2024-01-01T12:04:00.000Z,2024-01-01T12:11:00.000Z,2,13.09,31.25,39.53,CARD
trip_416,V2,2024-01-01T17:19:00.000Z,2024-01-01T17:35:00.000Z,1,2.48,8.93,11.12,CARD
trip_417,V1,2024-01-01T09:25:00.000Z,2024-01-01T09:55:00.000Z,1,10.23,26.26,28.07,CASH
trip_418,V2,2024-01-01T14:01:00.000Z,2024-01-01T14:25:00.000Z,3,10.74,23.56,28.32,CASH
trip_419,V2,2024-01-01T17:58:00.000Z,2024-01-01T18:06:00.000Z,3,3.93,12.46,14.2,CASH
trip_420,V2,2024-01-01T13:17:00.000Z,2024-01-01T13:26:00.000Z,2,-0.61,2.16,2.23,CASH
trip_421,V2,2024-01-01T08:22:00.000Z,2024-01-01T08:39:00.000Z,2,0.65,4.01,4.9,CARD
trip_422,V2,2024-01-01T09:33:00.000Z,2024-01-01T10:11:00.000Z,1,10.41,26.06,30.22,CARD
trip_423,V1,2024-01-01T10:14:00.000Z,2024-01-01T10:21:00.000Z,4,8.63,20.59,26.44,CARD
trip_424,V2,2024-01-01T11:56:00.000Z,2024-01-01T12:05:00.000Z,4,11.4,27.89,32.62,CASH
trip_425,V2,2024-01-01T10:38:00.000Z,2024-01-01T11:13:00.000Z,1,5.64,14.98,19.08,CASH
trip_426,V1,2024-01-01T08:38:00.000Z,2024-01-01T09:16:00.000Z,2,5.89,13.9,13.95,CASH
trip_427,V2,2024-01-01T17:03:00.000Z,2024-01-01T17:33:00.000Z,2,7.73,20.54,23.98,CASH
trip_428,V2,2024-01-01T15:33:00.000Z,2024-01-01T15:45:00.000Z,1,0.45,6.12,7.73,CASH
trip_429,V1,2024-01-01T08:49:00.000Z,2024-01-01T09:10:00.000Z,2,10.31,24.2,24.85,CARD
trip_430,V2,2024-01-01T08:20:00.000Z,2024-01-01T08:28:00.000Z,4,1.67,7.41,9.37,CASH
trip_431,V1,2024-01-01T15:21:00.000Z,2024-01-01T15:52:00.000Z,4,8.34,19.36,20.3,CASH
trip_432,V1,2024-01-01T13:08:00.000Z,2024-01-01T13:22:00.000Z,2,3.01,10.46,11.98,CASH
trip_433,V2,2024-01-01T17:47:00.000Z,2024-01-01T17:52:00.000Z,2,-0.97,2.86,2.99,CARD
trip_434,V1,2024-01-01T13:23:00.000Z,2024-01-01T13:31:00.000Z,3,-0.61,4.19,4.57,CARD
trip_435,V1,2024-01-01T08:31:00.000Z,2024-01-01T09:02:00.000Z,2,3.85,10.25,11.52,CASH
trip_436,V2,2024-01-01T10:06:00.000Z,2024-01-01T10:31:00.000Z,2,3.96,12.75,16.16,CASH
trip_437,V2,2024-01-01T14:53:00.000Z,2024-01-01T15:20:00.000Z,2,11.0,25.82,26.83,CASH
trip_438,V2,2024-01-01T09:48:00.000Z,2024-01-01T09:53:00.000Z,2,0.35,4.73,6.12,CASH
trip_439,V1,2024-01-01T10:02:00.000Z,2024-01-01T10:29:00.000Z,3,10.71,26.96,28.17,CARD
trip_440,V1,2024-01-01T17:02:00.000Z,2024-01-01T17:09:00.000Z,3,11.96,26.33,27.58,CASH
trip_441,V2,2024-01-01T08:55:00.000Z,2024-01-01T09:16:00.000Z,1,13.52,31.17,31.87,CARD
trip_442,V2,2024-01-01T09:19:00.000Z,2024-01-01T09:38:00.000Z,3,10.86,25.12,27.04,CASH
trip_443,V2,2024-01-01T15:50:00.000Z,2024-01-01T16:22:00.000Z,1,7.95,20.36,25.35,CARD
trip_444,V2,2024-01-01T09:08:00.000Z,2024-01-01T09:26:00.000Z,4,1.25,5.2,5.43,CASH
trip_445,V1,2024-01-01T13:37:00.000Z,2024-01-01T13:51:00.000Z,3,3.07,9.46,12.14,CARD
trip_446,V2,2024-01-01T13:22:00.000Z,2024-01-01T13:37:00.000Z,1,-0.08,4.91,5.51,CASH
trip_447,V2,2024-01-01T13:37:00.000Z,2024-01-01T13:42:00.000Z,2,10.32,24.87,27.32,CASH
trip_448,V1,2024-01-01T14:47:00.000Z,2024-01-01T15:10:00.000Z,2,14.69,31.66,32.72,CASH
trip_449,V2,2024-01-01T15:17:00.000Z,2024-01-01T15:28:00.000Z,4,14.3,31.14,34.75,CASH
trip_450,V1,2024-01-01T17:27:00.000Z,2024-01-01T17:52:00.000Z,4,3.77,9.87,11.71,CARD
trip_451,V2,2024-01-01T17:26:00.000Z,2024-01-01T18:02:00.000Z,2,0.38,4.62,5.07,CARD
trip_452,V1,2024-01-01T08:29:00.000Z,2024-01-01T08:50:00.000Z,1,8.73,21.0,21.04,CASH
trip_453,V1,2024-01-01T08:08:00.000Z,2024-01-01T08:27:00.000Z,4,12.49,30.15,30.77,CARD
trip_454,V2,2024-01-01T10:34:00.000Z,2024-01-01T11:09:00.000Z,3,2.13,8.84,10.36,CASH
trip_455,V2,2024-01-01T17:45:00.000Z,2024-01-01T18:12:00.000Z,1,0.78,5.11,6.34,CARD
trip_456,V2,2024-01-01T13:02:00.000Z,2024-01-01T13:21:00.000Z,3,10.99,25.72,31.77,CASH
trip_457,V2,2024-01-01T12:39:00.000Z,2024-01-01T12:56:00.000Z,3,3.28,11.16,12.9,CASH
trip_458,V1,2024-01-01T15:50:00.000Z,2024-01-01T15:59:00.000Z,1,-0.92,0.47,0.52,CASH
trip_459,V1,2024-01-01T11:43:00.000Z,2024-01-01T11:54:00.000Z,4,7.62,18.13,21.3,CASH
trip_460,V2,2024-01-01T14:16:00.000Z,2024-01-01T14:29:00.000Z,4,8.76,22.88,26.59,CARD
trip_461,V1,2024-01-01T17:46:00.000Z,2024-01-01T18:07:00.000Z,4,3.01,9.62,11.44,CARD
trip_462,V1,2024-01-01T11:21:00.000Z,2024-01-01T11:50:00.000Z,2,14.54,33.39,38.71,CASH
trip_463,V1,2024-01-01T08:48:00.000Z,2024-01-01T09:10:00.000Z,1,5.29,14.97,15.54,CASH
trip_464,V1,2024-01-01T16:23:00.000Z,2024-01-01T16:51:00.000Z,2,6.37,18.14,20.03,CARD
trip_465,V1,2024-01-01T11:56:00.000Z,2024-01-01T12:27:00.000Z,2,13.33,30.38,35.12,CASH
trip_466,V2,2024-01-01T16:30:00.000Z,2024-01-01T17:05:00.000Z,2,11.55,28.12,34.17,CASH
trip_467,V2,2024-01-01T13:22:00.000Z,2024-01-01T13:32:00.000Z,4,14.76,34.54,39.43,CARD
trip_468,V2,2024-01-01T13:09:00.000Z,2024-01-01T13:37:00.000Z,3,8.15,18.38,18.56,CASH
trip_469,V2,2024-01-01T15:15:00.000Z,2024-01-01T15:50:00.000Z,2,0.27,6.26,6.94,CASH
trip_470,V2,2024-01-01T15:33:00.000Z,2024-01-01T16:06:00.000Z,4,4.74,14.3,15.59,CASH
trip_471,V2,2024-01-01T13:09:00.000Z,2024-01-01T13:36:00.000Z,3,6.03,14.63,18.16,CARD
trip_472,V2,2024-01-01T13:28:00.000Z,2024-01-01T13:58:00.000Z,2,11.51,25.97,27.9,CARD
trip_473,V1,2024-01-01T13:49:00.000Z,2024-01-01T13:58:00.000Z,1,10.16,23.15,27.25,CASH
trip_474,V2,2024-01-01T16:05:00.000Z,2024-01-01T16:21:00.000Z,1,1.88,5.93,7.58,CARD
trip_475,V1,2024-01-01T12:21:00.000Z,2024-01-01T12:56:00.000Z,3,6.55,16.52,20.51,CASH
trip_476,V1,2024-01-01T16:01:00.000Z,2024-01-01T16:17:00.000Z,2,9.68,23.7,25.88,CASH
trip_477,V2,2024-01-01T15:25:00.000Z,2024-01-01T15:50:00.000Z,2,-0.5,0.72,0.74,CARD
trip_478,V1,2024-01-01T17:41:00.000Z,2024-01-01T18:18:00.000Z,4,0.45,4.27,4.64,CARD
trip_479,V1,2024-01-01T11:49:00.000Z,2024-01-01T12:01:00.000Z,2,2.5,10.62,11.12,CARD
trip_480,V2,2024-01-01T14:34:00.000Z,2024-01-01T14:55:00.000Z,3,0.84,7.51,7.56,CASH
trip_481,V2,2024-01-01T13:22:00.000Z,2024-01-01T13:38:00.000Z,1,10.45,26.04,27.84,CASH
trip_482,V2,2024-01-01T13:31:00.000Z,2024-01-01T13:37:00.000Z,2,13.07,31.56,40.94,CARD
trip_483,V1,2024-01-01T09:59:00.000Z,2024-01-01T10:05:00.000Z,2,4.86,12.73,15.35,CARD
trip_484,V1,2024-01-01T08:28:00.000Z,2024-01-01T08:45:00.000Z,1,2.34,7.29,8.56,CASH
trip_485,V2,2024-01-01T14:12:00.000Z,2024-01-01T14:40:00.000Z,3,1.66,9.27,11.86,CASH
trip_486,V1,2024-01-01T12:28:00.000Z,2024-01-01T12:51:00.000Z,1,7.44,18.73,20.02,CARD
trip_487,V1,2024-01-01T11:14:00.000Z,2024-01-01T11:34:00.000Z,2,10.45,25.01,27.18,CARD
trip_488,V2,2024-01-01T13:57:00.000Z,2024-01-01T14:17:00.000Z,4,0.11,5.19,5.33,CASH
trip_489,V2,2024-01-01T08:44:00.000Z,2024-01-01T08:57:00.000Z,4,6.41,15.01,19.18,CARD
trip_490,V2,2024-01-01T09:21:00.000Z,2024-01-01T09:41:00.000Z,2,9.15,20.32,23.73,CARD
trip_491,V1,2024-01-01T10:49:00.000Z,2024-01-01T10:55:00.000Z,1,13.8,31.02,36.12,CARD
trip_492,V1,2024-01-01T11:53:00.000Z,2024-01-01T12:30:00.000Z,3,14.76,33.79,36.31,CARD
trip_493,V2,2024-01-01T16:33:00.000Z,2024-01-01T16:49:00.000Z,2,4.04,12.64,15.44,CARD
trip_494,V2,2024-01-01T16:13:00.000Z,2024-01-01T16:53:00.000Z,2,1.38,6.51,7.25,CASH
trip_495,V1,2024-01-01T16:46:00.000Z,2024-01-01T17:16:00.000Z,2,13.14,31.26,34.31,CASH
trip_496,V1,2024-01-01T11:41:00.000Z,2024-01-01T12:01:00.000Z,1,12.93,31.23,40.02,CARD
trip_497,V1,2024-01-01T13:11:00.000Z,2024-01-01T13:43:00.000Z,1,-0.61,3.99,5.08,CASH
trip_498,V2,2024-01-01T14:03:00.000Z,2024-01-01T14:28:00.000Z,1,14.95,35.27,44.58,CARD
trip_499,V2,2024-01-01T15:06:00.000Z,2024-01-01T15:43:00.000Z,1,10.99,26.52,30.93,CASH
trip_500,V2,2024-01-01T17:53:00.000Z,2024-01-01T18:00:00.000Z,1,3.48,12.03,12.63,CARD
